date,folderpath,foldername,reduced_foldername,reduced_jjdescription,jj_description,jj_type,cbix1/2,folder_uuid
2024-04-10,../../mnt/data/research_data/2024-04-10_chip_ampliseq_jj,2024-04-10_chip_ampliseq_jj,_chip_ampliseq_jj,,,,CBIX,be6dcb7a-0cea-4ecf-93d0-f70fea48d4a6
2019-08-16,../../mnt/data/research_data/2019-08-16_gencove_CORI,2019-08-16_gencove_CORI,_gencove_cori,laura cori samples,Laura CORI samples,low pass WGS,CBIX,fec511e1-addd-4043-a77e-ba961ee3b2f0
2022-09-06,../../mnt/data/research_data/2022-09-06_rnaseq_human_mcf7_platoff_cooper,2022-09-06_rnaseq_human_mcf7_platoff_cooper,_rnaseq_human_mcf7_platoff_cooper,cooper human,Cooper human,RNA-seq,CBIX,157441e4-a633-49b4-a07b-3be5ea162d09
2019-08-29,../../mnt/data/research_data/2019-08-29_rrbs39_himani_intestine_12month,2019-08-29_rrbs39_himani_intestine_12month,_rrbs39_himani_intestine_12month,himani mouse intestine and colon young old,Himani mouse intestine and colon young old,RRBS,CBIX,abadc169-5c1e-4b13-9507-a2203388f164
2022-02-24,../../mnt/data/research_data/2022-02-24_25_bis_amplicon_cori_op1,2022-02-24_25_bis_amplicon_cori_op1,_25_bis_amplicon_cori_op1,woonbok saliva cori optin goals,Woonbok saliva CORI Optin Goals,bisamp,CBIX,7c2798eb-718b-41ae-a6a5-4586b105ba46
2023-01-20,../../mnt/data/research_data/2023-01-20_sc_rnaseq_mouse_intestine_miseq,2023-01-20_sc_rnaseq_mouse_intestine_miseq,_sc_rnaseq_mouse_intestine_miseq,himani mouse intestine,Himani mouse intestine,scRNA-seq,CBIX,f931c626-5aa7-4020-871b-21733486dbe8
2023-06-09,../../mnt/data/research_data/2023-06-09_rnaseq_human_shoghag,2023-06-09_rnaseq_human_shoghag,_rnaseq_human_shoghag,,,,CBIX,8d1d855a-0904-4995-ac19-78d9e72f469f
2020-06-24,../../mnt/data/research_data/2020-06-24_rnaseq_mouse_hyeseon,2020-06-24_rnaseq_mouse_hyeseon,_rnaseq_mouse_hyeseon,hyeseon mouse aorta endothelial cells young old,HyeSeon mouse aorta endothelial cells young old,RNA-seq,CBIX,68668fd8-5200-45f3-9ace-0d99b15d097e
2019-06-06,../../mnt/data/research_data/2019-06-06_CutRun_Som,2019-06-06_CutRun_Som,_cutrun_som,"som brg, k9me3, cdk9, k9me3","Som BRG, K9me3, CDK9, K9me3",Cut&Run,CBIX,92142a5e-d04a-46aa-a902-42cb051232ba
2020-07-31,../../mnt/data/research_data/2020-07-31_scRNAseq_10X_jian,2020-07-31_scRNAseq_10X_jian,_scrnaseq_10x_jian,jian huang mouse tet+/- evi+/-,Jian Huang mouse TET+/- EVI+/-,scRNA-seq,CBIX,8d33de7a-e67b-46e6-89ba-ac151fa299ee
2023-01-18,../../mnt/data/research_data/2023-01-18_bisamp_colon_tumors_peace,2023-01-18_bisamp_colon_tumors_peace,_bisamp_colon_tumors_peace,peace colon tumors,Peace colon tumors,bisamp,CBIX,a6d20088-0e1d-43a3-8d9a-a09fa161ad3c
2019-07-17,../../mnt/data/research_data/2019-07-17_rrbs24B_redownload,2019-07-17_rrbs24B_redownload,_rrbs24b_redownload,himani mouse intestine and colon,Himani mouse intestine and colon,RRBS,CBIX,bb7c2ea1-9753-4ce4-b1f6-eba242624485
2022-12-22,../../mnt/data/research_data/2022-12-22_bisamp_oldhigh_mpb_nano,2022-12-22_bisamp_oldhigh_mpb_nano,_bisamp_oldhigh_mpb_nano,jj mpb oldhigh targets,JJ MPB oldhigh targets,bisamp,CBIX,6a5de13a-2d48-4a85-a1e4-a573bd9bb1bd
2023-06-13,../../mnt/data/research_data/2023-06-13_bisamp_x15_colon_left,2023-06-13_bisamp_x15_colon_left,_bisamp_x15_colon_left,,,,CBIX,32e81ff0-e627-415e-9f55-2ce4cbe45204
2023-03-22,../../mnt/data/research_data/2023-03-22_rnaseq_human_mouse_diego,2023-03-22_rnaseq_human_mouse_diego,_rnaseq_human_mouse_diego,,,,CBIX,bf379a38-21ae-4fa5-bc48-d8a844a7c960
2022-09-30,../../mnt/data/research_data/2022-09-30_sc_atac_seq_human_brain_miseq_nano,2022-09-30_sc_atac_seq_human_brain_miseq_nano,_sc_atac_seq_human_brain_miseq_nano,jj human brain,JJ human brain,scATAC-seq,CBIX,d7ddb379-2db0-41a9-b78d-f1bfeaff7c93
2023-03-21,../../mnt/data/research_data/2023-03-21_rnaseq_human_almedia,2023-03-21_rnaseq_human_almedia,_rnaseq_human_almedia,,,,CBIX,5d3ad70b-1366-4a37-85dd-f240c4408a4b
2021-10-27,../../mnt/data/research_data/2021-10-27_bis_amplicon_cooper2x48,2021-10-27_bis_amplicon_cooper2x48,_bis_amplicon_cooper2x48,woonbok cooper blood,Woonbok Cooper blood,bisamp,CBIX,a4445ed3-ed52-4b7e-999d-c2d5cc63bd07
2021-08-03,../../mnt/data/research_data/2021-08-03_cooper_blood92,2021-08-03_cooper_blood92,_cooper_blood92,woonbok cooper blood,Woonbok Cooper blood,bisamp,CBIX,b01aa42d-7465-47c3-ab27-94e0e9509ca5
2022-09-29,../../mnt/data/research_data/2022-09-29_rnaseq_human_miapaca2_gigi_cooper,2022-09-29_rnaseq_human_miapaca2_gigi_cooper,_rnaseq_human_miapaca2_gigi_cooper,cooper human,Cooper human,RNA-seq,CBIX,7c38c16b-9adb-4935-bc7a-fa2838635a86
2022-02-10,../../mnt/data/research_data/2022-02-10_hek_scrna_miseq_nano,2022-02-10_hek_scrna_miseq_nano,_hek_scrna_miseq_nano,jj 10x chromium test,JJ 10X Chromium test,scRNA-seq,CBIX,b02ef83a-33a4-43fd-bbe9-dcd118057d60
2023-05-25,../../mnt/data/research_data/2023-05-25_bisamp_x15_leukemia,2023-05-25_bisamp_x15_leukemia,_bisamp_x15_leukemia,,,,CBIX,3bbc1ebe-4f99-45f2-94dd-f53410b5084e
2024-03-19,../../mnt/data/research_data/2024-03-19_rrbs_mouse_peace,2024-03-19_rrbs_mouse_peace,_rrbs_mouse_peace,,,,CBIX,b44f6998-6a80-4b50-98ba-821f02c116d5
2022-04-11,../../mnt/data/research_data/2022-04-11_10XsnRNAseq_mouse_brain,2022-04-11_10XsnRNAseq_mouse_brain,_10xsnrnaseq_mouse_brain,jj mouse frozen brain,JJ mouse frozen brain,scRNA-seq,CBIX,49327a6b-a8b0-4ac8-9e30-42443766678c
2022-05-03,../../mnt/data/research_data/2022-05-03_mouse_brain_snRNAseq,2022-05-03_mouse_brain_snRNAseq,_mouse_brain_snrnaseq,jj mouse frozen brain,JJ mouse frozen brain,scRNA-seq,CBIX,94b2b7fd-7bf4-4fbd-b5f5-c69423b97949
2023-01-10,../../mnt/data/research_data/2023-01-10_rnaseq_human_jian2,2023-01-10_rnaseq_human_jian2,_rnaseq_human_jian2,jian huang wt spry3ko spry4ko gilterinib,Jian Huang WT SPRY3KO SPRY4KO Gilterinib,RNA-seq,CBIX,91997881-a8fe-4443-a000-41337131f57c
2021-08-26,../../mnt/data/research_data/2021-08-26_novaseq_rrbs_mouse_peace_himani,2021-08-26_novaseq_rrbs_mouse_peace_himani,_novaseq_rrbs_mouse_peace_himani,peace mouse gf aging,Peace mouse gf aging,RRBS,CBIX,68339402-ab3b-4a05-b36f-34ec6b949a53
2022-05-11,../../mnt/data/research_data/2022-05-11_rrbs_129svev_aging_bac_mouse_colon_peace_miseq_nano,2022-05-11_rrbs_129svev_aging_bac_mouse_colon_peace_miseq_nano,_rrbs_129svev_aging_bac_mouse_colon_peace_miseq_nano,peace aging mouse colon,Peace aging mouse colon,RRBS,CBIX,7e6a0d0d-21e1-45be-87f0-16998a299f34
2023-01-21,../../mnt/data/research_data/2023-01-21_sc_atac_mouse_intestine,2023-01-21_sc_atac_mouse_intestine,_sc_atac_mouse_intestine,himani mouse intestine,Himani mouse intestine,scATAC-seq,CBIX,41dc509c-f5c5-4c57-8af9-8d9e36ed6928
2023-05-29,../../mnt/data/research_data/2023-05-29_rnaseq_mouse_intestine_himani,2023-05-29_rnaseq_mouse_intestine_himani,_rnaseq_mouse_intestine_himani,,,,CBIX,62c38ea0-7beb-4f42-8d9f-061628f10b33
2024-04-05,../../mnt/data/research_data/2024-04-05_rnaseq_human_yanting_shumei_song,2024-04-05_rnaseq_human_yanting_shumei_song,_rnaseq_human_yanting_shumei_song,,,,CBIX,834ccf67-4dfc-4996-8b7e-8b5d0fa8e1e7
2023-01-19,../../mnt/data/research_data/2023-01-19_crispr_zhaorui_human,2023-01-19_crispr_zhaorui_human,_crispr_zhaorui_human,zhaorui human nalm13 nalm14 wt p53ko,Zhaorui human NALM13 NALM14 wt p53ko,CRISPR,CBIX,07d69970-c5f2-4331-ae3f-4eae6f38d316
2023-02-17,../../mnt/data/research_data/2023-02-17_bisamp_mpb_x15,2023-02-17_bisamp_mpb_x15,_bisamp_mpb_x15,jj mpb 15 targets,JJ MPB 15 targets,bisamp,CBIX,dcb8feff-2123-4d2f-8de5-3ebbc67d7231
2019-06-18,../../mnt/data/research_data/2019-06-18_rrbs37_hyeseon_mouse_endo_kidney,2019-06-18_rrbs37_hyeseon_mouse_endo_kidney,_rrbs37_hyeseon_mouse_endo_kidney,"hyeseon mouse endothelial cells, kidney, young, old","HyeSeon mouse endothelial cells, kidney, young, old",RRBS,CBIX,fd9a36e2-77c6-440e-b73a-44e3e05dd3a1
2020-01-03,../../mnt/data/research_data/2020-01-03_novogene_rrbs_43-45_aging_mouse,2020-01-03_novogene_rrbs_43-45_aging_mouse,_novogene_rrbs_43-45_aging_mouse,hyeseon mouse aging blood heart brain liver lung kidney skeletal muscle,HyeSeon mouse aging blood heart brain liver lung kidney skeletal muscle,RRBS,CBIX,a92ad24c-e054-4cb7-bffb-a32778e4dd89
2022-12-05,../../mnt/data/research_data/2022-12-05_bisamp_colon93,2022-12-05_bisamp_colon93,_bisamp_colon93,woonbok colon,Woonbok colon,bisamp,CBIX,e2687dfd-9631-4105-88fb-880b4cf8457c
2020-08-22,../../mnt/data/research_data/2020-08-22_human_bisulfite_amplicon_woonbok,2020-08-22_human_bisulfite_amplicon_woonbok,_human_bisulfite_amplicon_woonbok,woonbok ninds bisulfite amplicon pcr 6 loci,Woonbok NINDS bisulfite amplicon PCR 6 loci,bisamp,CBIX,6500ab50-df59-402e-b543-127873555efb
2021-08-26,../../mnt/data/research_data/2021-08-26_novaseq_YB5,2021-08-26_novaseq_YB5,_novaseq_yb5,jj yb5,JJ YB5,WGS,CBIX,9e6b6ac9-b378-4d5b-9941-71b4e6d253e3
2023-03-16,../../mnt/data/research_data/2023-03-16_crispr_clones_jian,2023-03-16_crispr_clones_jian,_crispr_clones_jian,,,,CBIX,73dfc390-f4f4-499f-aff8-f802aafdd7de
2022-04-06,../../mnt/data/research_data/2022-04-06_bis_amplicon_cori_op2,2022-04-06_bis_amplicon_cori_op2,_bis_amplicon_cori_op2,woonbok saliva cori optin goals,Woonbok saliva CORI Optin Goals,bisamp,CBIX,c855b447-ec4a-46c3-9bb8-2acea173065a
2023-05-19,../../mnt/data/research_data/2023-05-19_rrbs_mouse_himani,2023-05-19_rrbs_mouse_himani,_rrbs_mouse_himani,,,,CBIX,fc732e5b-43ba-46ab-b5e7-7790bc22b17e
2022-10-11,../../mnt/data/research_data/2022-10-11_RNAseq_YB5_almedia,2022-10-11_RNAseq_YB5_almedia,_rnaseq_yb5_almedia,almedia yb5 dmso dac bsj dbet,Almedia YB5 dmso dac bsj dbet,RNA-seq,CBIX,f9a5bc72-4f5d-41d3-9d11-1f1f77c85834
2023-06-11,../../mnt/data/research_data/2023-06-11_bis_amplicon_cuh4,2023-06-11_bis_amplicon_cuh4,_bis_amplicon_cuh4,,,,CBIX,daf20945-5c2c-4634-aabc-e922dc251ab4
2019-08-29,../../mnt/data/research_data/2019-08-29_dream133_peace_human_crc,2019-08-29_dream133_peace_human_crc,_dream133_peace_human_crc,peace human colon tumors and adjacent normal tissue,Peace human colon tumors and adjacent normal tissue,DREAM,CBIX,db1dc6e9-8d76-4af8-863c-161a166998f5
2019-10-02,../../mnt/data/research_data/2019-10-02_rrbs35_novogene,2019-10-02_rrbs35_novogene,_rrbs35_novogene,woonbok ninds aging blood controls,Woonbok NINDS aging blood controls,RRBS,CBIX,607c7ce6-3640-4bd8-be0c-171ba608e174
2024-01-02,../../mnt/data/research_data/2024-01-02_multiome_bcl_mouse_himani,2024-01-02_multiome_bcl_mouse_himani,_multiome_bcl_mouse_himani,,,,CBIX,a47915ad-22f1-4bba-bb87-24aa26240460
2021-07-28,../../mnt/data/research_data/2021-07-28_bis_amplicon_cr92_colon_norm_tumor_e_saliva_aging,2021-07-28_bis_amplicon_cr92_colon_norm_tumor_e_saliva_aging,_bis_amplicon_cr92_colon_norm_tumor_e_saliva_aging,woonbok colon norm tumor saliva,Woonbok colon norm tumor saliva,bisamp,CBIX,49310215-21ed-4651-bf6b-a679c763a766
2019-07-17,../../mnt/data/research_data/2019-07-17_16S_redownload_peace_colon_cancer,2019-07-17_16S_redownload_peace_colon_cancer,_16s_redownload_peace_colon_cancer,peace human colon tumors and adjacent normal tissue,Peace human colon tumors and adjacent normal tissue,16S,CBIX,6e6a570f-5c8e-426f-a6e1-cc357013bffe
2022-11-18,../../mnt/data/research_data/2022-11-18_snATACseq_human_brain,2022-11-18_snATACseq_human_brain,_snatacseq_human_brain,jj human brain,JJ human brain,scATAC-seq,CBIX,27a539c9-f1ea-47cf-9ad8-9466075489bb
Null,../../mnt/data/research_data/230418_M04817_0069_000000000-GGRF5,230418_M04817_0069_000000000-GGRF5,230418_m04817_0069_000000000-ggrf5,,,,CBIX,d81d91dd-ec16-4af8-a2a6-a5d00c1b48f9
2019-06-18,../../mnt/data/research_data/2019-06-18_rrbs36_hyeseon_mouse_heart_blood,2019-06-18_rrbs36_hyeseon_mouse_heart_blood,_rrbs36_hyeseon_mouse_heart_blood,"hyeseon mouse heart, blood, young, old","HyeSeon mouse heart, blood, young, old",RRBS,CBIX,b4455711-e99f-4953-8b21-cc64e11e463a
2022-05-10,../../mnt/data/research_data/2022-05-10_ying_wang_atacseq,2022-05-10_ying_wang_atacseq,_ying_wang_atacseq,yi zhang mouse wt id3 ko,Yi Zhang mouse WT ID3 KO,ATAC-seq,CBIX,b4dd843c-59b9-48d0-bfb7-217443a01197
2021-04-16,../../mnt/data/research_data/2021-04-16_bis_amplicons_woonbok,2021-04-16_bis_amplicons_woonbok,_bis_amplicons_woonbok,woonbok ninds cord blood,Woonbok NINDS cord blood,bisamp,CBIX,138fb2e9-1a7f-432f-96e0-b9b5310bb7cc
2020-11-18,../../mnt/data/research_data/2020-11-18_hWGS_12878_NA_FFPE_Matt,2020-11-18_hWGS_12878_NA_FFPE_Matt,_hwgs_12878_na_ffpe_matt,matt na12878 gdna and formalin fixed,Matt NA12878 gDNA and formalin fixed,WGS,CBIX,bad065b3-c588-4d45-b1be-29aa606737a4
2023-01-17,../../mnt/data/research_data/2023-01-17_scRNAseq_mouse_jian_novogene,2023-01-17_scRNAseq_mouse_jian_novogene,_scrnaseq_mouse_jian_novogene,jian huang mouse hsc mmp young old,Jian Huang mouse HSC MMP young old,scRNA-seq,CBIX,768bd733-919b-436f-be8f-a7f671f034e7
2023-12-28,../../mnt/data/research_data/2023-12-28_rnaseq_lcl_bdnf_snv,2023-12-28_rnaseq_lcl_bdnf_snv,_rnaseq_lcl_bdnf_snv,,,,CBIX,b5f9c60c-c4ea-458d-bbe0-ebe6673f5721
2023-03-03,../../mnt/data/research_data/2023-03-03_bisamp_x15_cuh2,2023-03-03_bisamp_x15_cuh2,_bisamp_x15_cuh2,,,,CBIX,a6928519-607c-4573-8340-a7ee7b818302
2022-05-04,../../mnt/data/research_data/2022-05-04_bis_amplicon_cori_op1r2,2022-05-04_bis_amplicon_cori_op1r2,_bis_amplicon_cori_op1r2,woonbok saliva cori optin goals,Woonbok saliva CORI Optin Goals,bisamp,CBIX,79a23eb1-31b0-4ad2-a8e6-88b66c89aa73
2020-08-13,../../mnt/data/research_data/2020-08-13_jian_RNAseq_LC-Lumina,2020-08-13_jian_RNAseq_LC-Lumina,_jian_rnaseq_lc-lumina,jian huang mouse,Jian Huang mouse,RNA-seq,CBIX,e4593669-7d7a-4d7f-9a48-62c8a9ce9dda
2020-03-30,../../mnt/data/research_data/2020-03-30_italo_tempera_lab_rnaseq,2020-03-30_italo_tempera_lab_rnaseq,_italo_tempera_lab_rnaseq,italo tempera human controlkoac inhibitor sg inhibitor,Italo Tempera human controlkoac inhibitor sg inhibitor,RNA-seq,CBIX,3e80c035-26ff-4f80-8f2a-df77d0ff3a07
2023-02-07,../../mnt/data/research_data/2023-02-07_bisamp_23targets_cuh,2023-02-07_bisamp_23targets_cuh,_bisamp_23targets_cuh,jj 23 targets cooper,JJ 23 targets Cooper,bisamp,CBIX,6879d05b-ae63-4296-98f8-8c68f6c05312
2023-05-23,../../mnt/data/research_data/2023-05-23_scRNA_multiome_human_brain,2023-05-23_scRNA_multiome_human_brain,_scrna_multiome_human_brain,,,,CBIX,6c4927d5-d762-4150-85b1-b354e8ea9db9
2019-10-22,../../mnt/data/research_data/2019-10-22_rrbs_mouse_aging_rrbs41-42_himani_peace_genewiz,2019-10-22_rrbs_mouse_aging_rrbs41-42_himani_peace_genewiz,_rrbs_mouse_aging_rrbs41-42_himani_peace_genewiz,himani peace mouse colon spleen liver lung br skm,Himani Peace mouse colon spleen liver lung br skm,RRBS,CBIX,8535fde6-85a3-4c60-858d-24a7890514c7
2024-04-09,../../mnt/data/research_data/2024-04-09_atacseq_human_yanting_shumei,2024-04-09_atacseq_human_yanting_shumei,_atacseq_human_yanting_shumei,,,,CBIX,ecd355fa-548d-41d2-a2bb-e6d345a5b274
2020-06-12,../../mnt/data/research_data/2020-06-12_rrbs50-51-52_cori_human,2020-06-12_rrbs50-51-52_cori_human,_rrbs50-51-52_cori_human,jj human cori blood and saliva,JJ human CORI blood and saliva,RRBS,CBIX,1e84b0ec-f984-4c6d-8399-dbd04497a0c8
2021-02-10,../../mnt/data/research_data/2021-02-10_16S_human_coloncancer_batch2-4_Peace_genewiz,2021-02-10_16S_human_coloncancer_batch2-4_Peace_genewiz,_16s_human_coloncancer_batch2-4_peace_genewiz,peace human colon tumors and adjacent normal tissue,Peace human colon tumors and adjacent normal tissue,16S,CBIX,9c8c7146-1848-4592-9150-f84a47748068
2019-03-28,../../mnt/data/research_data/2019-03-28_rrbs32_himani_kit-failure,2019-03-28_rrbs32_himani_kit-failure,_rrbs32_himani_kit-failure,himani mouse intestine and colon samples,Himani mouse intestine and colon samples,RRBS,CBIX,9dbe7339-673b-49b1-a757-bae5e80fb6d0
2020-12-03,../../mnt/data/research_data/2020-12-03_rrbs58-59_woonbok_gu114,2020-12-03_rrbs58-59_woonbok_gu114,_rrbs58-59_woonbok_gu114,woonbok gu114 trial human cd8 lymphocytes,Woonbok GU114 trial human CD8 lymphocytes,RRBS,CBIX,30249379-bc2a-469f-b41c-35ca58d5d210
2023-05-07,../../mnt/data/research_data/2023-05-07_zhaorui_znf251_ko_gRNA3,2023-05-07_zhaorui_znf251_ko_gRNA3,_zhaorui_znf251_ko_grna3,,,,CBIX,86a6916b-d79f-4a0e-857a-bab406696056
2019-06-25,../../mnt/data/research_data/2019-06-25_gencove_CORI,2019-06-25_gencove_CORI,_gencove_cori,laura cori samples,Laura CORI samples,low pass WGS,CBIX,23d0149d-c30c-4e40-b213-b60a86ca98fe
2022-02-25,../../mnt/data/research_data/2022-02-25_bis_amplicon_cori_op1,2022-02-25_bis_amplicon_cori_op1,_bis_amplicon_cori_op1,woonbok saliva cori optin goals,Woonbok saliva CORI Optin Goals,bisamp,CBIX,d5e26c7c-c2d9-493d-a1b3-5314cf560b07
2019-07-22,../../mnt/data/research_data/2019-07-22_sc_whelan_mouse_esophagus,2019-07-22_sc_whelan_mouse_esophagus,_sc_whelan_mouse_esophagus,kelly whelan young old mouse esophagus,Kelly Whelan young old mouse esophagus,scRNA-seq,CBIX,6ba21872-3339-465f-9e28-0f35a709afa1
2020-05-07,../../mnt/data/research_data/2020-05-07_sc_10x_yi_zhang,2020-05-07_sc_10x_yi_zhang,_sc_10x_yi_zhang,yi zhang mouse ikoi ikos wti wts,Yi Zhang mouse IKOI IKOs WTI WTs,scRNA-seq,CBIX,dc31a2b9-80a8-448a-adea-5dfe375f6f05
2020-03-27,../../mnt/data/research_data/2020-03-27_novogene_dream_human_peace,2020-03-27_novogene_dream_human_peace,_novogene_dream_human_peace,peace human colon tumors and adjacent normal tissue,Peace human colon tumors and adjacent normal tissue,DREAM,CBIX,97da7176-b133-45ff-ab01-074b9808b788
2019-09-06,../../mnt/data/research_data/retrieved_2019-09-06_gm12878_meth,retrieved_2019-09-06_gm12878_meth,retrieved__gm12878_meth,,,,CBIX,c3a0dc71-9d79-43f0-badd-9043b2a8e637
2023-06-27,../../mnt/data/research_data/2023-06-27_cut_run_zhaorui,2023-06-27_cut_run_zhaorui,_cut_run_zhaorui,,,,CBIX,a282d80c-5560-423f-bae5-82d1a2301644
2021-12-07,../../mnt/data/research_data/2021-12-07_mouse_rrbs_peace,2021-12-07_mouse_rrbs_peace,_mouse_rrbs_peace,peace mouse gf aging,Peace mouse gf aging,RRBS,CBIX,9cf0edb5-17ec-465b-aaf9-068d935c9a2d
2023-05-18,../../mnt/data/research_data/2023-05-18_crispr3_zhaorui,2023-05-18_crispr3_zhaorui,_crispr3_zhaorui,,,,CBIX,64b86980-9f0b-4b63-886e-26c65cb776eb
2021-11-03,../../mnt/data/research_data/2021-11-03_bis_amplicon_blood_saliva,2021-11-03_bis_amplicon_blood_saliva,_bis_amplicon_blood_saliva,woonbok cooper blood,Woonbok Cooper blood,bisamp,CBIX,776c137e-20f2-46e7-812a-ab2451dbdf49
2022-05-09,../../mnt/data/research_data/2022-05-09_rnaseq_mouse_cooper_gigi,2022-05-09_rnaseq_mouse_cooper_gigi,_rnaseq_mouse_cooper_gigi,cooper mouse,Cooper mouse,RNA-seq,CBIX,fdb18cd7-1517-44cd-ba59-af2e28d733e0
2020-11-19,../../mnt/data/research_data/2020-11-19_cori_brain_mrna_jj,2020-11-19_cori_brain_mrna_jj,_cori_brain_mrna_jj,jj cori human brain,JJ CORI human brain,RNA-seq,CBIX,5bde70a2-473f-48f9-8f7d-b9dead364d64
2023-06-10,../../mnt/data/research_data/2023-06-10_miseq_cdk5r1_crispr_diego,2023-06-10_miseq_cdk5r1_crispr_diego,_miseq_cdk5r1_crispr_diego,,,,CBIX,a698a56c-7238-4107-87e0-fe8745988e30
2019-09-30,../../mnt/data/research_data/2019-09-30_rrbs40_novogene_human_GU114,2019-09-30_rrbs40_novogene_human_GU114,_rrbs40_novogene_human_gu114,woonbok gu114 trial human cd8 lymphocytes,Woonbok GU114 trial human CD8 lymphocytes,RRBS,CBIX,ef14e44f-fc52-487b-a6ab-19f98a9733b7
2023-12-30,../../mnt/data/research_data/2023-12-30_wes_human_8_outliers,2023-12-30_wes_human_8_outliers,_wes_human_8_outliers,,,,CBIX,2dbb1565-d14e-42c3-82fd-30a3a9a6c041
2021-08-23,../../mnt/data/research_data/2021-08-23_dnmt3a,2021-08-23_dnmt3a,_dnmt3a,jj dnmt3a blood saliva,JJ DNMT3A blood saliva,ampliseq,CBIX,e9313993-7070-4f41-b02e-f1e0e6113622
2022-09-22,../../mnt/data/research_data/2022-09-22_cpmc2_merged_bams,2022-09-22_cpmc2_merged_bams,_cpmc2_merged_bams,woonbok saliva cpmc,Woonbok saliva CPMC,bisamp,CBIX,8508f060-86d6-43cc-9f72-57d18c4d1cbc
2023-03-13,../../mnt/data/research_data/2023-03-13_bisamp_x15_cuh123_combined_summaries,2023-03-13_bisamp_x15_cuh123_combined_summaries,_bisamp_x15_cuh123_combined_summaries,,,,CBIX,cf7d4cf6-98e7-4680-b8cc-222818b9dc57
2021-08-27,../../mnt/data/research_data/2021-08-27_ampliseq,2021-08-27_ampliseq,_ampliseq,jj dnmt3a tet2 asxl1 blood saliva,JJ DNMT3A TET2 ASXL1 blood saliva,ampliseq,CBIX,1ca9d7bb-38a9-416f-a5af-7e768860f5e6
2023-04-19,../../mnt/data/research_data/2023-04-19_sn_atacseq_human_brain_omics,2023-04-19_sn_atacseq_human_brain_omics,_sn_atacseq_human_brain_omics,,,,CBIX,69228633-ca6d-40f1-aeb9-3307277abfe6
2023-10-20,../../mnt/data/research_data/2023-10-20_rnaseq_human_shoghag,2023-10-20_rnaseq_human_shoghag,_rnaseq_human_shoghag,,,,CBIX,28a66f17-03d7-457b-b56d-40ea754c3edd
2023-02-23,../../mnt/data/research_data/2023-02-23_atavistik,2023-02-23_atavistik,_atavistik,"jj atavistik bio targeted seq gm00538 dlat, pdha1, pdhb","JJ Atavistik Bio targeted seq GM00538 DLAT, PDHA1, PDHB",ampliseq,CBIX,65c7f984-b9eb-4a10-9ed8-804c57269811
2023-03-01,../../mnt/data/research_data/2023-03-01_rnaseq_yb5_almedia,2023-03-01_rnaseq_yb5_almedia,_rnaseq_yb5_almedia,,,,CBIX,487334bf-ef90-4fff-8f05-5fc3f857b042
2021-03-29,../../mnt/data/research_data/2021-03-29_rrbs61-65_peace_hg_himani_mm,2021-03-29_rrbs61-65_peace_hg_himani_mm,_rrbs61-65_peace_hg_himani_mm,himani peace aging mice intestine colon himani | peace gf mice,Himani Peace aging mice intestine colon Himani | Peace gf mice,RRBS,CBIX,d4148c6a-686f-42a5-b963-06d5a576302a
2021-07-03,../../mnt/data/research_data/2021-07-03_bis_amplicon_blood_aging,2021-07-03_bis_amplicon_blood_aging,_bis_amplicon_blood_aging,woonbok ninds,Woonbok NINDS,bisamp,CBIX,e2e8b3df-1cd1-47b3-8e8c-ea3dc051d573
2023-05-05,../../mnt/data/research_data/2023-05-05_bisamp_x15_cuh_remaining,2023-05-05_bisamp_x15_cuh_remaining,_bisamp_x15_cuh_remaining,,,,CBIX,2b900de3-d97a-4245-b4d1-b4def58c0528
2022-12-13,../../mnt/data/research_data/2022-12-13_rnaseq_human_Jian,2022-12-13_rnaseq_human_Jian,_rnaseq_human_jian,jian huang human wt spry3 ko gilterinib,Jian Huang human WT SPRY3 KO gilterinib,RNA-seq,CBIX,96bd510b-4396-47c3-9623-c958c61a13ae
2023-04-14,../../mnt/data/research_data/2023-04-14_bisamp_x15_colon2,2023-04-14_bisamp_x15_colon2,_bisamp_x15_colon2,,,,CBIX,84ed22dc-3b56-4a39-a945-33a56953666e
2022-10-03,../../mnt/data/research_data/2022-10-03_sc_atac_seq_human_brain_miseq_nano,2022-10-03_sc_atac_seq_human_brain_miseq_nano,_sc_atac_seq_human_brain_miseq_nano,jj human brain,JJ human brain,scATAC-seq,CBIX,4756d07a-5458-4828-a620-41bcc5bed738
2022-05-06,../../mnt/data/research_data/2022-05-06_arsa_mplex2,2022-05-06_arsa_mplex2,_arsa_mplex2,jj arsa gain therapeutics,JJ ARSA Gain Therapeutics,ampliseq,CBIX,f5d30c64-0393-4c18-a44f-992f2eeffe08
2019-08-29,../../mnt/data/research_data/2019-08-29_rrbs38_himani_organoid_aging,2019-08-29_rrbs38_himani_organoid_aging,_rrbs38_himani_organoid_aging,himani mouse intestine and colon organoids young old,Himani mouse intestine and colon organoids young old,RRBS,CBIX,1ace864e-cd6e-4416-876a-55ec66e177fd
2022-06-21,../../mnt/data/research_data/2022-06-21_stranded_30_human_lncRNAseq_Sierra,2022-06-21_stranded_30_human_lncRNAseq_Sierra,_stranded_30_human_lncrnaseq_sierra,"sierra human lncrna stranded thz1,dac, dmso","Sierra human lncRNA stranded THZ1,DAC, DMSO",RNA-seq,CBIX,8797bc21-9623-4878-bb2a-34b41280ad4f
2022-06-10,../../mnt/data/research_data/2022-06-10_rrbs_mouse_aging_himani_i7index,2022-06-10_rrbs_mouse_aging_himani_i7index,_rrbs_mouse_aging_himani_i7index,himani mouse aging,Himani mouse aging,RRBS,CBIX,bbfe1c08-03c9-4b4f-8183-1858cb0100d2
2023-02-24,../../mnt/data/research_data/2023-02-24_yb5_atac-seq,2023-02-24_yb5_atac-seq,_yb5_atac-seq,woonbok yb5 dmso bsj4,Woonbok YB5 dmso bsj4,ATAC-seq,CBIX,753c6e75-0819-4309-8cb8-537d086f368d
2023-06-26,../../mnt/data/research_data/2023-06-26_bisamp_x15_crc,2023-06-26_bisamp_x15_crc,_bisamp_x15_crc,,,,CBIX,5bfc1b16-4103-47fe-92b0-29be9c3ccd50
2023-04-21,../../mnt/data/research_data/2023-04-21_bisamp_x15_parkinson,2023-04-21_bisamp_x15_parkinson,_bisamp_x15_parkinson,,,,CBIX,79653339-dc3e-4010-9efe-bedacf03baf4
2021-12-02,../../mnt/data/research_data/2021-12-02_bis_amplicon_cooper2_96_r1,2021-12-02_bis_amplicon_cooper2_96_r1,_bis_amplicon_cooper2_96_r1,woonbok cooper blood,Woonbok Cooper blood,bisamp,CBIX,e3bbe55a-7b13-45aa-85dd-9c5cbbe0fcb7
2019-08-29,../../mnt/data/research_data/2019-08-29_dream132_peace_human_crc,2019-08-29_dream132_peace_human_crc,_dream132_peace_human_crc,peace human colon tumors and adjacent normal tissue,Peace human colon tumors and adjacent normal tissue,DREAM,CBIX,eb21a3ae-2acb-482c-a88e-328822d36e51
2022-06-02,../../mnt/data/research_data/2022-06-02_bis_amplicons_op3,2022-06-02_bis_amplicons_op3,_bis_amplicons_op3,woonbok saliva cori optin goals,Woonbok saliva CORI Optin Goals,bisamp,CBIX,118d4407-ad3f-46f2-bf29-5cc01100f489
2023-04-08,../../mnt/data/research_data/2023-04-08_bisamp_colon_mplex13,2023-04-08_bisamp_colon_mplex13,_bisamp_colon_mplex13,,,,CBIX,a52eefb8-3d41-4830-a9df-984d4d93e9ad
2023-01-25,../../mnt/data/research_data/2023-01-25_bisamp_rrbs_targets_cuh,2023-01-25_bisamp_rrbs_targets_cuh,_bisamp_rrbs_targets_cuh,jj rrbs targets cooper,JJ RRBS targets Cooper,bisamp,CBIX,293fc38f-7d98-45aa-a41b-5df667e0482d
2024-01-04,../../mnt/data/research_data/2024-01-04_cuh_chip_targeted_novogene,2024-01-04_cuh_chip_targeted_novogene,_cuh_chip_targeted_novogene,,,,CBIX,92cf8dac-7153-4617-ab36-3a437618aefd
2022-10-21,../../mnt/data/research_data/2022-10-21_bisamp_bloodsep_24samples_13mplex_micro,2022-10-21_bisamp_bloodsep_24samples_13mplex_micro,_bisamp_bloodsep_24samples_13mplex_micro,woonbok blood separated subpopulations,Woonbok blood separated subpopulations,bisamp,CBIX,85bf9914-2bcb-4ec8-a3ca-ea3461db7690
2019-07-01,../../mnt/data/research_data/2019-07-01_rrbs34B_himani_mouse_intestine_aging,2019-07-01_rrbs34B_himani_mouse_intestine_aging,_rrbs34b_himani_mouse_intestine_aging,himani mouse intestine and colon samples,Himani mouse intestine and colon samples,RRBS,CBIX,e855048c-31ad-4b5a-b6dd-4c16ab1df98d
2020-10-12,../../mnt/data/research_data/2020-10-12_rrbs57_cori,2020-10-12_rrbs57_cori,_rrbs57_cori,"jj human blood saliva cori, control","JJ human blood saliva CORI, control",RRBS,CBIX,e9879375-349d-4d11-ab88-ebb58a012ec6
2020-02-20,../../mnt/data/research_data/2020-02-20_rnaseq_mouse_hyeseon_novogene,2020-02-20_rnaseq_mouse_hyeseon_novogene,_rnaseq_mouse_hyeseon_novogene,hyeseon mouse aging heart kidney ,HyeSeon mouse aging heart kidney ,RNA-seq,CBIX,bda5d424-5d27-4a99-9210-5f4290b0f9d7
2022-06-30,../../mnt/data/research_data/2022-06-30_cpmc1_bisamp,2022-06-30_cpmc1_bisamp,_cpmc1_bisamp,woonbok saliva cpmc,Woonbok saliva CPMC,bisamp,CBIX,1cde607f-124d-4700-9a6e-4071f0ae1790
2022-11-18,../../mnt/data/research_data/2022-11-18_bisamp_bloodsep_3plex_micro,2022-11-18_bisamp_bloodsep_3plex_micro,_bisamp_bloodsep_3plex_micro,woonbok blood separated subpopulations,Woonbok blood separated subpopulations,bisamp,CBIX,d0b8bab5-5183-4f07-979a-dafb55185ec0
2022-05-10,../../mnt/data/research_data/2022-05-10_rrbs_b6_gf_mouse_colon_peace_miseq_nano,2022-05-10_rrbs_b6_gf_mouse_colon_peace_miseq_nano,_rrbs_b6_gf_mouse_colon_peace_miseq_nano,peace b6 gf mouse colon,Peace B6 gf mouse colon,RRBS,CBIX,5bc5a639-7b64-4abb-87ee-fc574fd223d4
2023-02-28,../../mnt/data/research_data/2023-02-28_sc_atac_yb5_almedia,2023-02-28_sc_atac_yb5_almedia,_sc_atac_yb5_almedia,,,,CBIX,14aa28dd-6a64-4dad-add0-82948949d7c9
2022-06-10,../../mnt/data/research_data/2022-06-10_rrbs_mouse_organoids_himani_i5i7index,2022-06-10_rrbs_mouse_organoids_himani_i5i7index,_rrbs_mouse_organoids_himani_i5i7index,himani mouse aging organoids,Himani mouse aging organoids,RRBS,CBIX,38330408-ca3a-4cba-be15-62c849d517fc
2022-08-10,../../mnt/data/research_data/2022-08-10_rrbs_go58_human_goals_optin_bela,2022-08-10_rrbs_go58_human_goals_optin_bela,_rrbs_go58_human_goals_optin_bela,jj cori goals optin saliva,JJ CORI GOALS OPTIN saliva,RRBS,CBIX,e4747a74-1c96-4c87-88d2-803029615ee7
2024-03-20,../../mnt/data/research_data/2024-03-20_chip_novogene,2024-03-20_chip_novogene,_chip_novogene,,,,CBIX,3a824072-6aa6-4ccf-b5d5-5f0dd8cf55df
2023-05-21,../../mnt/data/research_data/2023-05-21_scRNA_human_almedia,2023-05-21_scRNA_human_almedia,_scrna_human_almedia,,,,CBIX,5f63746a-04a3-440a-84c2-a1105e9607bb
2022-05-04,../../mnt/data/research_data/2022-05-04_RNAseq_Zhaorui_12-human-EukmRNAseq,2022-05-04_RNAseq_Zhaorui_12-human-EukmRNAseq,_rnaseq_zhaorui_12-human-eukmrnaseq,jian huang human,Jian Huang human,RNA-seq,CBIX,9049d0f4-e824-42cd-8520-3751cc470867
2023-05-30,../../mnt/data/research_data/2023-05-30_novogene_rnaseq,2023-05-30_novogene_rnaseq,_novogene_rnaseq,,,,CBIX,8f2d273a-696b-40e4-9c37-fe5443be0c48
2023-11-09,../../mnt/data/research_data/2023-11-09_diego_crispr_clones,2023-11-09_diego_crispr_clones,_diego_crispr_clones,,,,CBIX,97b4d5b7-416e-47ed-97ad-1798255afdc0
2023-05-20,../../mnt/data/research_data/2023-05-20_scRNA_mouse_himani,2023-05-20_scRNA_mouse_himani,_scrna_mouse_himani,,,,CBIX,b591ad83-10d0-4b03-8ead-bc33e63c864e
2023-05-31,../../mnt/data/research_data/2023-05-31_cooper_rnaseq_bon1_zach,2023-05-31_cooper_rnaseq_bon1_zach,_cooper_rnaseq_bon1_zach,,,,CBIX,9f87adc5-1913-4ebe-90fa-0a69ed74287a
2023-02-25,../../mnt/data/research_data/2023-02-25_bisamp_x15_cuh,2023-02-25_bisamp_x15_cuh,_bisamp_x15_cuh,jj mpb 15 targets,JJ MPB 15 targets,bisamp,CBIX,b80fcc14-0a8f-4d6a-85a2-6e9cc7dcee88
2021-08-11,../../mnt/data/research_data/2021-08-11_dnmt3a_mplex_blood_saliva,2021-08-11_dnmt3a_mplex_blood_saliva,_dnmt3a_mplex_blood_saliva,jj dnmt3a blood saliva,JJ DNMT3A blood saliva,ampliseq,CBIX,6093b7a3-2997-4436-8813-c86d8b7277d3
2021-07-29,../../mnt/data/research_data/2021-07-29_bis_amplicon_cml30leuk66,2021-07-29_bis_amplicon_cml30leuk66,_bis_amplicon_cml30leuk66,woonbok 'cml aml blood,Woonbok 'CML AML blood,bisamp,CBIX,611094d6-9f67-4176-ba56-35242b7dc8b6
2023-03-03,../../mnt/data/research_data/2023-03-03_bisamp_x15_cuh2_corrected_barcodes,2023-03-03_bisamp_x15_cuh2_corrected_barcodes,_bisamp_x15_cuh2_corrected_barcodes,,,,CBIX,c7a504ed-e6c0-4576-9aab-4f04f5757a7f
2020-06-12,../../mnt/data/research_data/2020-06-12_woonbok_atac-seq_gu114,2020-06-12_woonbok_atac-seq_gu114,_woonbok_atac-seq_gu114,woonbok gu114 trial human cd8 lymphocytes,Woonbok GU114 trial human CD8 lymphocytes,ATAC-seq,CBIX,d8e5536e-ecf3-4e1a-85d7-520f5e52749f
2023-05-09,../../mnt/data/research_data/2023-05-09_sc_atac-seq_novogene,2023-05-09_sc_atac-seq_novogene,_sc_atac-seq_novogene,,,,CBIX,33c0979f-7507-45a1-8b95-fa1cbdc2bd98
2023-05-25,../../mnt/data/research_data/2023-05-25_crispr_clones_diego,2023-05-25_crispr_clones_diego,_crispr_clones_diego,,,,CBIX,18c6a662-75a2-4dec-bd41-d328b4b78160
Null,../../mnt/data/research_data/230419_M04817_0070_000000000-GGRFK,230419_M04817_0070_000000000-GGRFK,230419_m04817_0070_000000000-ggrfk,,,,CBIX,5c9f06d8-7c68-49d3-9096-4f0c4ea90059
2023-05-15,../../mnt/data/research_data/2023-05-15_crispr_shoghag_yod1_c10orf125,2023-05-15_crispr_shoghag_yod1_c10orf125,_crispr_shoghag_yod1_c10orf125,,,,CBIX,e7c63890-b254-413e-8a00-1f687865b8d4
2020-07-28,../../mnt/data/research_data/2020-07-28_16S_human_coloncancer_firstbatch_peace_genewiz,2020-07-28_16S_human_coloncancer_firstbatch_peace_genewiz,_16s_human_coloncancer_firstbatch_peace_genewiz,peace human colon tumors and adjacent normal tissue,Peace human colon tumors and adjacent normal tissue,16S,CBIX,f2c20050-d0ee-46d3-92cf-4ce06b2da551
2020-08-21,../../mnt/data/research_data/2020-08-21_rrbs53-56_human_cori,2020-08-21_rrbs53-56_human_cori,_rrbs53-56_human_cori,jj human saliva cori cpmc,JJ human saliva CORI CPMC,RRBS,CBIX,6994c6a0-899d-4617-bd42-97529ec8bcdf
2022-12-03,../../mnt/data/research_data/2022-12-03_scRNAseq_mouse_jian_miseq_micro,2022-12-03_scRNAseq_mouse_jian_miseq_micro,_scrnaseq_mouse_jian_miseq_micro,jian huang mouse,Jian Huang mouse,scRNA-seq,CBIX,83131eff-1bc1-426c-b2a8-779d8e4a160c
2021-09-10,../../mnt/data/research_data/2021-09-10_scrnaseq_mv411,2021-09-10_scrnaseq_mv411,_scrnaseq_mv411,jj human mv411 ,JJ human MV411 ,scRNA-seq,CBIX,cd879f3b-8183-4e36-9ec0-f691613a9ffb
2020-01-24,../../mnt/data/research_data/2020-01-24-sc_whelan_mouse_esophagus_k3,2020-01-24-sc_whelan_mouse_esophagus_k3,-sc_whelan_mouse_esophagus_k3,kelly whelan young old mouse esophagus,Kelly Whelan young old mouse esophagus,scRNA-seq,CBIX,8dcc3159-1aed-4414-90ea-70826016b113
2023-12-01,../../mnt/data/research_data/2023-12-01_chip_targeted_cuh,2023-12-01_chip_targeted_cuh,_chip_targeted_cuh,,,,CBIX,977aa6aa-176e-45a1-8852-665da3693d10
Null,../../mnt/data/research_data/dream133,dream133,dream133,,,,CBIX,e1e74064-7141-4d80-b907-49b6d568cb4d
2023-04-18,../../mnt/data/research_data/2023-04-18_sn_rnaseq_human_brain_omics,2023-04-18_sn_rnaseq_human_brain_omics,_sn_rnaseq_human_brain_omics,,,,CBIX,69304eb0-f1e0-45cc-8c9b-804a95b29ddc
2022-08-12,../../mnt/data/research_data/2022-08-12_bisamp_cpmc2_micro_rerun,2022-08-12_bisamp_cpmc2_micro_rerun,_bisamp_cpmc2_micro_rerun,woonbok saliva cpmc,Woonbok saliva CPMC,bisamp,CBIX,62accb6b-ebfc-4b21-87f1-f89eb0c7e8e2
2020-06-23,../../mnt/data/research_data/2020-06-23_rnaseq_human_ipsc_brainoids_jj,2020-06-23_rnaseq_human_ipsc_brainoids_jj,_rnaseq_human_ipsc_brainoids_jj,jj human ipsc brainoids,JJ human IPSC brainoids,RNA-seq,CBIX,7d5a89b2-051b-48f6-84cc-5b76b2438522
2022-07-13,../../mnt/data/research_data/2022-07-13_cpmc2_bisamp,2022-07-13_cpmc2_bisamp,_cpmc2_bisamp,woonbok saliva cpmc,Woonbok saliva CPMC,bisamp,CBIX,f0e95664-47f9-48b7-9c42-fea6ad32fc08
2020-12-02,../../mnt/data/research_data/2020-12-02_brainoids_24_rnaseq,2020-12-02_brainoids_24_rnaseq,_brainoids_24_rnaseq,jj human ipsc brainoids,JJ human IPSC brainoids,RNA-seq,CBIX,e8aeb464-bd9e-4510-a285-ba4d519c89be
2020-08-14,../../mnt/data/research_data/2020-08-14_hyeseon_rrbs_mouse_heart_spleen_yo,2020-08-14_hyeseon_rrbs_mouse_heart_spleen_yo,_hyeseon_rrbs_mouse_heart_spleen_yo,"hyeseon mouse heart, spleen, young, old","HyeSeon mouse heart, spleen, young, old",RRBS,CBIX,d1c51846-2680-4cb2-9c11-da3cc93f4172
2019-09-11,../../mnt/data/research_data/2019-09-11_dream132_133_peace,2019-09-11_dream132_133_peace,_dream132_133_peace,peace human colon tumors and adjacent normal tissue,Peace human colon tumors and adjacent normal tissue,DREAM,CBIX,fbbe18ac-5bb0-4b62-be50-218ec8a10b2c
2022-02-24,../../mnt/data/research_data/2022-02-24_bis_amplicon_cori_op1,2022-02-24_bis_amplicon_cori_op1,_bis_amplicon_cori_op1,woonbok saliva cori optin goals,Woonbok saliva CORI Optin Goals,bisamp,CBIX,29d8dc9a-8c7c-4970-8b0b-3a6ef796c140
2019-12-19,../../mnt/data/research_data/2019-12-19_novogene_rrbs46_aging,2019-12-19_novogene_rrbs46_aging,_novogene_rrbs46_aging,woonbok ninds human blood aging controls,Woonbok NINDS human blood aging controls,RRBS,CBIX,d3048d94-a36f-4312-8e69-dd03b0a2b847
2021-12-03,../../mnt/data/research_data/2021-12-03_bis_amplicon_cooper2_96_r2,2021-12-03_bis_amplicon_cooper2_96_r2,_bis_amplicon_cooper2_96_r2,woonbok cooper blood,Woonbok Cooper blood,bisamp,CBIX,6f2b41e7-3919-462e-99ea-3578df707907
2022-10-12,../../mnt/data/research_data/2022-10-12_bisamp_bloodsep_micro,2022-10-12_bisamp_bloodsep_micro,_bisamp_bloodsep_micro,woonbok blood separated subpopulations,Woonbok blood separated subpopulations,bisamp,CBIX,31b06611-101d-4d16-8f14-6ab89cffd595
2021-04-16,../../mnt/data/research_data/2021-04-16_rrbs70-71_italo_human,2021-04-16_rrbs70-71_italo_human,_rrbs70-71_italo_human,italo tempera human snu yccel 5aza ebna olaparib protac dmso,Italo Tempera human SNU YCCEL 5aza EBNA olaparib protac DMSO,RRBS,CBIX,a1cb8527-1e3e-4337-af97-dfc7bdcd43c9
2022-06-01,../../mnt/data/research_data/2022-06-01-rrbs_mouse_aging_microbiome_peace,2022-06-01-rrbs_mouse_aging_microbiome_peace,-rrbs_mouse_aging_microbiome_peace,peace mouse aging microbiome,Peace mouse aging microbiome,RRBS,CBIX,c7108e5e-6cf0-482d-970b-796c88344046
2022-04-30,../../mnt/data/research_data/2022-04-30_arsa_mplex1,2022-04-30_arsa_mplex1,_arsa_mplex1,jj arsa gain therapeutics,JJ ARSA Gain Therapeutics,ampliseq,CBIX,fcf182ca-486e-4a64-866f-8e63b81c6ce5
2023-03-30,../../mnt/data/research_data/2023-03-30_bisamp_x15_colon_direct,2023-03-30_bisamp_x15_colon_direct,_bisamp_x15_colon_direct,,,,CBIX,0649762d-005a-473a-919a-d717128a1f8d
2020-05-26,../../mnt/data/research_data/2020-05-26_rnaseq_gu114_woonbok,2020-05-26_rnaseq_gu114_woonbok,_rnaseq_gu114_woonbok,woonbok gu114 trial human cd8 lymphocytes,Woonbok GU114 trial human CD8 lymphocytes,RNA-seq,CBIX,b7907043-079f-448b-ae7a-63b70801122c
2023-03-16,../../mnt/data/research_data/2023-03-16_bisamp_ninds,2023-03-16_bisamp_ninds,_bisamp_ninds,,,,CBIX,f2ab1a90-7df5-489c-9265-517fc76f1230
2022-07-29,../../mnt/data/research_data/2022-07-29_cuh_repeat_bisamp_micro,2022-07-29_cuh_repeat_bisamp_micro,_cuh_repeat_bisamp_micro,woonbok cooper blood,Woonbok Cooper blood,bisamp,CBIX,0b685fdd-2561-450d-995e-d745150204fc
2024-01-03,../../mnt/data/research_data/2024-01-03_rrbs_himani_mouse,2024-01-03_rrbs_himani_mouse,_rrbs_himani_mouse,,,,CBIX,a7148061-53ad-4a4a-b328-ddece3522e21
2021-05-19,../../mnt/data/research_data/2021-05-19_miseq_nano,2021-05-19_miseq_nano,_miseq_nano,woonbok ninds cord blood,Woonbok NINDS cord blood,bisamp,CBIX,fec9fc78-bec4-459a-b093-043bf8343c99
2022-05-07,../../mnt/data/research_data/2022-05-07_arsa_merge_mplex12,2022-05-07_arsa_merge_mplex12,_arsa_merge_mplex12,jj arsa gain therapeutics,JJ ARSA Gain Therapeutics,ampliseq,CBIX,8d966f3b-8386-4691-a0db-9a33cb500856
2022-05-09,../../mnt/data/research_data/2022-05-09_rrbs_apcmin_mouse_colon_peace_miseq_nano,2022-05-09_rrbs_apcmin_mouse_colon_peace_miseq_nano,_rrbs_apcmin_mouse_colon_peace_miseq_nano,peace apcmin mouse colon,Peace APCmin mouse colon,RRBS,CBIX,14901e77-ff68-4cd6-98d2-bb0385f33eba
2020-02-21,../../mnt/data/research_data/2020-02-21_italo_tempera_lab_RNAseq,2020-02-21_italo_tempera_lab_RNAseq,_italo_tempera_lab_rnaseq,italo tempera gm12878 ct sg lcl ct gsk olaparib,Italo Tempera GM12878 ct sg LCL ct gsk olaparib,RNA-seq,CBIX,041605c7-6285-4bb7-b551-d0fee78c33b4
2023-10-06,../../mnt/data/research_data/2023-10-06_bisamp_x15_cuh_blood_sep,2023-10-06_bisamp_x15_cuh_blood_sep,_bisamp_x15_cuh_blood_sep,,,,CBIX,df931272-b93f-4804-ba5a-464a1ee971bd
2023-04-07,../../mnt/data/research_data/2023-04-07_umut_targeted_seq,2023-04-07_umut_targeted_seq,_umut_targeted_seq,,,,CBIX,1a44a066-4259-4402-a75a-42eeb7b7ef4f
2019-12-16,../../mnt/data/research_data/2019-12-16_rnaseq_himani_aging_mouse_rnaseq_bgi,2019-12-16_rnaseq_himani_aging_mouse_rnaseq_bgi,_rnaseq_himani_aging_mouse_rnaseq_bgi,himani mouse intestine colon aging samples,Himani mouse intestine colon aging samples,RRBS,CBIX,52c6dfd7-648e-486f-8025-444a373ef63b
2024-03-12,../../mnt/data/research_data/2024-03-12_rnaseq_human_LCL_BDNF_CORI,2024-03-12_rnaseq_human_LCL_BDNF_CORI,_rnaseq_human_lcl_bdnf_cori,,,,CBIX,90a7d7dc-6920-4102-8990-17e5445f13f9
2022-07-27,../../mnt/data/research_data/2022-07-27_cpmc2_bisamp_nano_rerun,2022-07-27_cpmc2_bisamp_nano_rerun,_cpmc2_bisamp_nano_rerun,woonbok saliva cpmc,Woonbok saliva CPMC,bisamp,CBIX,ce1c27cd-0a74-4519-8cb3-e97cfcc6bfb3
2023-05-30,../../mnt/data/research_data/2023-05-30_rnaseq_yb5_azd_time_course,2023-05-30_rnaseq_yb5_azd_time_course,_rnaseq_yb5_azd_time_course,,,,CBIX,93b351fe-c725-45e4-b4c9-ab9678b447b2
2023-02-23,../../mnt/data/research_data/2023-02-23_crispr_zhaorui_atavistik,2023-02-23_crispr_zhaorui_atavistik,_crispr_zhaorui_atavistik,zhaorui crispr almedia mc180,Zhaorui CRISPR Almedia MC180,CRISPR,CBIX,be4ca2ad-75c9-4fc2-8f8a-2118c43aa861
2020-11-17,../../mnt/data/research_data/2020-11-17_bis_amplicons_woonbok,2020-11-17_bis_amplicons_woonbok,_bis_amplicons_woonbok,woonbok ninds bisulfite amplicon pcr,Woonbok NINDS bisulfite amplicon PCR,bisamp,CBIX,26f8dc87-5846-4460-b464-d52335435ce4
2021-11-16,../../mnt/data/research_data/2021-11-16_bis_amplicon_cooper2_96,2021-11-16_bis_amplicon_cooper2_96,_bis_amplicon_cooper2_96,woonbok cooper blood,Woonbok Cooper blood,bisamp,CBIX,cc080cf9-6f43-4843-98cc-2233b5fe6057
2022-02-09,../../mnt/data/research_data/2022-02-09_bis_amplicon_cooper3_96,2022-02-09_bis_amplicon_cooper3_96,_bis_amplicon_cooper3_96,woonbok cooper blood,Woonbok Cooper blood,bisamp,CBIX,79462a0c-b392-4621-800c-cb3204112027
2022-05-19,../../mnt/data/research_data/2022-05-19_ying_wang_rnaseq,2022-05-19_ying_wang_rnaseq,_ying_wang_rnaseq,yi zhang mouse wt id3 ko,Yi Zhang mouse WT ID3 KO,RNA-seq,CBIX,428d60b1-82ba-46dd-842d-e3df06c45d88
2019-10-03,../../mnt/data/research_data/2019-10-03_sc_whelan_mouse_esophagus,2019-10-03_sc_whelan_mouse_esophagus,_sc_whelan_mouse_esophagus,kelly whelan mouse esophagus,Kelly Whelan mouse esophagus,scRNA-seq,CBIX,5f46a3c7-1898-4d05-8321-5c9d71a689f7
2019-07-17,../../mnt/data/research_data/2019-07-17_sc_engel_mouse_esc,2019-07-17_sc_engel_mouse_esc,_sc_engel_mouse_esc,nora engel mouse esc male female,Nora Engel mouse ESC male female,scRNA-seq,CBIX,fdd6238f-7d20-4cd9-9e1b-2bc7f96c7092
2022-11-01,../../mnt/data/research_data/2022-11-01_bisamp_bloodsep_3plex_micro,2022-11-01_bisamp_bloodsep_3plex_micro,_bisamp_bloodsep_3plex_micro,woonbok blood separated subpopulations,Woonbok blood separated subpopulations,bisamp,CBIX,92607887-349c-434a-9846-724b586fa041
2019-06-03,../../mnt/data/research_data/2019-06-03_rrbs34_himani,2019-06-03_rrbs34_himani,_rrbs34_himani,himani mouse colon samples,Himani mouse colon samples,RRBS,CBIX,76a3f8bb-78c8-4ff9-8c2e-7eb7166b59bd
2023-03-11,../../mnt/data/research_data/2023-03-11_bisamp_x15_cuh3,2023-03-11_bisamp_x15_cuh3,_bisamp_x15_cuh3,,,,CBIX,4e134747-9b9a-46be-8086-2fe60cae1e1f
2021-06-30,../../mnt/data/research_data/2021-06-30_bis_amplicon_blood_aging,2021-06-30_bis_amplicon_blood_aging,_bis_amplicon_blood_aging,woonbok ninds elov13 96 samples,Woonbok NINDS ELOV13 96 samples,bisamp,CBIX,dc2d20ff-5f23-46de-84cd-5c754148a01b
2023-10-03,../../mnt/data/research_data/2023-10-03_sc_atac_miseq_himani,2023-10-03_sc_atac_miseq_himani,_sc_atac_miseq_himani,,,,CBIX,2352e9b7-e49f-4631-9f1b-148e8bd83c98
2022-03-17,../../mnt/data/research_data/2022-03-17_bis_amplicon_cori_op1r1,2022-03-17_bis_amplicon_cori_op1r1,_bis_amplicon_cori_op1r1,woonbok saliva cori optin goals,Woonbok saliva CORI Optin Goals,bisamp,CBIX,761c524c-e930-4fbb-94a9-3edf29014a1e
2023-06-12,../../mnt/data/research_data/2023-06-12_chip_cuh,2023-06-12_chip_cuh,_chip_cuh,,,,CBIX,0f03690b-f6b2-4b4d-8ca9-970ba72ef93f
2023-05-18,../../mnt/data/research_data/2023-05-18_novogene_novaseq_lane_undetermined,2023-05-18_novogene_novaseq_lane_undetermined,_novogene_novaseq_lane_undetermined,,,,CBIX,96f0afad-dc69-4f9a-89fa-f74c2e217c06
2021-07-30,../../mnt/data/research_data/2021-07-30_bis_amplicon_saliva96,2021-07-30_bis_amplicon_saliva96,_bis_amplicon_saliva96,woonbok cpmc saliva,Woonbok CPMC saliva,bisamp,CBIX,ac7db86d-de5b-4a72-85ec-ceafc8c2365e
2020-01-16,../../mnt/data/research_data/2020-01-16_sc_whelan_mouse_esophagus_k4,2020-01-16_sc_whelan_mouse_esophagus_k4,_sc_whelan_mouse_esophagus_k4,kelly whelan young old mouse esophagus,Kelly Whelan young old mouse esophagus,scRNA-seq,CBIX,3a00b103-a5b4-4caf-a0be-8ca3b6af52dd
2022-10-18,../../mnt/data/research_data/2022-10-18_rnaseq_human_ht29_olivia_cooper,2022-10-18_rnaseq_human_ht29_olivia_cooper,_rnaseq_human_ht29_olivia_cooper,cooper human,Cooper human,RNA-seq,CBIX,11366317-beaf-4994-9116-fe1836f620b4
2022-06-22,../../mnt/data/research_data/2022-06-22_rrbs_human_goals_optin_bela,2022-06-22_rrbs_human_goals_optin_bela,_rrbs_human_goals_optin_bela,jj cori goals optin saliva,JJ CORI GOALS OPTIN saliva,RRBS,CBIX,5bffea36-608b-4a5f-84ef-110e8f576c3c
2019-06-18,../../mnt/data/research_data/2019-06-18_rrbs35_human_blood_aging,2019-06-18_rrbs35_human_blood_aging,_rrbs35_human_blood_aging,woonbok ninds aging blood controls,Woonbok NINDS aging blood controls,RRBS,CBIX,5ae6d80f-4829-412c-bc81-57cc991b6e7a
2019-05-30,../../mnt/data/research_data/2019-05-30_rrbs33_kits,2019-05-30_rrbs33_kits,_rrbs33_kits,jj mouse kidney and liver comparing qiagen and zymo bisulfite kits,JJ mouse kidney and liver comparing qiagen and zymo bisulfite kits,RRBS,CBIX,25c7c05e-88b9-4523-ac2b-342f6bfd4f40
2023-05-22,../../mnt/data/research_data/2023-05-22_rrbs_human_brainoids,2023-05-22_rrbs_human_brainoids,_rrbs_human_brainoids,,,,CBIX,6f2c740a-1061-4b01-a3a7-872bf3aedef9
2021-03-05,../../mnt/data/research_data/2021-03-05_crispr_screen_Jian_Huang_lab,2021-03-05_crispr_screen_Jian_Huang_lab,_crispr_screen_jian_huang_lab,jian huang 4 samples,Jian Huang 4 samples,CRISPR,CBIX,1f81b584-9c03-463a-aaf7-c6fef23393af
2023-03-22,../../mnt/data/research_data/2023-03-22_bisamp_x15_ninds2,2023-03-22_bisamp_x15_ninds2,_bisamp_x15_ninds2,,,,CBIX,9be709c9-2c8d-4fe5-8f1b-07c92286e4f6
2021-10-14,../../mnt/data/research_data/2021-10-14_rrbs_peace_mouse,2021-10-14_rrbs_peace_mouse,_rrbs_peace_mouse,peace mouse gf aging,Peace mouse gf aging,RRBS,CBIX,c41c36d4-5c6e-496c-98a3-2559a15c414b
